{
    "resource": "/tickets/paypal",
    "path": "/tickets/paypal",
    "httpMethod": "POST",
    "headers": {
        "Accept": "text/html,application/xhtml+xml,application/xml;q=0.9,image/webp,image/apng,*/*;q=0.8,application/signed-exchange;v=b3",
        "Accept-Encoding": "gzip, deflate, br",
        "Accept-Language": "en,en-IN;q=0.9",
        "cache-control": "max-age=0",
        "CloudFront-Forwarded-Proto": "https",
        "CloudFront-Is-Desktop-Viewer": "true",
        "CloudFront-Is-Mobile-Viewer": "false",
        "CloudFront-Is-SmartTV-Viewer": "false",
        "CloudFront-Is-Tablet-Viewer": "false",
        "CloudFront-Viewer-Country": "IN",
        "content-type": "application/x-www-form-urlencoded",
        "Host": "dp4s4dpr3h.execute-api.eu-west-1.amazonaws.com",
        "origin": "https://www.sandbox.paypal.com",
        "Referer": "https://www.sandbox.paypal.com/webapps/hermes?token=5EV55833EJ152544N&useraction=commit&rm=2&mfid=1558331107341_2e93c2a966a98",
        "upgrade-insecure-requests": "1",
        "User-Agent": "Mozilla/5.0 (Macintosh; Intel Mac OS X 10_14_4) AppleWebKit/537.36 (KHTML, like Gecko) Chrome/74.0.3729.157 Safari/537.36",
        "Via": "2.0 0d2d937beaef63a98ec8164d34e58fd5.cloudfront.net (CloudFront)",
        "X-Amz-Cf-Id": "GglwL-IIBdAhKPEIF4EwblDWlRQ8P8Lmps31IjB9rEmoTqvBZACAyw==",
        "X-Amzn-Trace-Id": "Root=1-5ce23efb-1de41c701219bdd2154ee76e",
        "X-Forwarded-For": "182.69.210.141, 54.182.231.45",
        "X-Forwarded-Port": "443",
        "X-Forwarded-Proto": "https"
    },
    "multiValueHeaders": {
        "Accept": [
            "text/html,application/xhtml+xml,application/xml;q=0.9,image/webp,image/apng,*/*;q=0.8,application/signed-exchange;v=b3"
        ],
        "Accept-Encoding": [
            "gzip, deflate, br"
        ],
        "Accept-Language": [
            "en,en-IN;q=0.9"
        ],
        "cache-control": [
            "max-age=0"
        ],
        "CloudFront-Forwarded-Proto": [
            "https"
        ],
        "CloudFront-Is-Desktop-Viewer": [
            "true"
        ],
        "CloudFront-Is-Mobile-Viewer": [
            "false"
        ],
        "CloudFront-Is-SmartTV-Viewer": [
            "false"
        ],
        "CloudFront-Is-Tablet-Viewer": [
            "false"
        ],
        "CloudFront-Viewer-Country": [
            "IN"
        ],
        "content-type": [
            "application/x-www-form-urlencoded"
        ],
        "Host": [
            "dp4s4dpr3h.execute-api.eu-west-1.amazonaws.com"
        ],
        "origin": [
            "https://www.sandbox.paypal.com"
        ],
        "Referer": [
            "https://www.sandbox.paypal.com/webapps/hermes?token=5EV55833EJ152544N&useraction=commit&rm=2&mfid=1558331107341_2e93c2a966a98"
        ],
        "upgrade-insecure-requests": [
            "1"
        ],
        "User-Agent": [
            "Mozilla/5.0 (Macintosh; Intel Mac OS X 10_14_4) AppleWebKit/537.36 (KHTML, like Gecko) Chrome/74.0.3729.157 Safari/537.36"
        ],
        "Via": [
            "2.0 0d2d937beaef63a98ec8164d34e58fd5.cloudfront.net (CloudFront)"
        ],
        "X-Amz-Cf-Id": [
            "GglwL-IIBdAhKPEIF4EwblDWlRQ8P8Lmps31IjB9rEmoTqvBZACAyw=="
        ],
        "X-Amzn-Trace-Id": [
            "Root=1-5ce23efb-1de41c701219bdd2154ee76e"
        ],
        "X-Forwarded-For": [
            "182.69.210.141, 54.182.231.45"
        ],
        "X-Forwarded-Port": [
            "443"
        ],
        "X-Forwarded-Proto": [
            "https"
        ]
    },
    "queryStringParameters": null,
    "multiValueQueryStringParameters": null,
    "pathParameters": null,
    "stageVariables": null,
    "requestContext": {
        "resourceId": "8bg64t",
        "resourcePath": "/tickets/paypal",
        "httpMethod": "POST",
        "extendedRequestId": "Z97HSGMODoEF3Qw=",
        "requestTime": "20/May/2019:05:45:31 +0000",
        "path": "/test/tickets/paypal",
        "accountId": "576180419135",
        "protocol": "HTTP/1.1",
        "stage": "test",
        "domainPrefix": "dp4s4dpr3h",
        "requestTimeEpoch": 1558331131457,
        "requestId": "7ad58b6a-7ac2-11e9-abd7-312f10b4c9f5",
        "identity": {
            "cognitoIdentityPoolId": null,
            "accountId": null,
            "cognitoIdentityId": null,
            "caller": null,
            "sourceIp": "182.69.210.141",
            "principalOrgId": null,
            "accessKey": null,
            "cognitoAuthenticationType": null,
            "cognitoAuthenticationProvider": null,
            "userArn": null,
            "userAgent": "Mozilla/5.0 (Macintosh; Intel Mac OS X 10_14_4) AppleWebKit/537.36 (KHTML, like Gecko) Chrome/74.0.3729.157 Safari/537.36",
            "user": null
        },
        "domainName": "dp4s4dpr3h.execute-api.eu-west-1.amazonaws.com",
        "apiId": "dp4s4dpr3h"
    },
    "body": "payer_email=codeblockinfob%40gmail.com&payer_id=ZD5E4239UGAVQ&payer_status=VERIFIED&first_name=Tannu&last_name=Bansal&address_name=Tannu+Bansal&address_street=1+Main+St&address_city=San+Jose&address_state=CA&address_country_code=US&address_zip=95131&residence_country=US&txn_id=0FD78868146017622&mc_currency=USD&mc_fee=3.20&mc_gross=100.00&protection_eligibility=ELIGIBLE&payment_fee=3.20&payment_gross=100.00&payment_status=Completed&payment_type=instant&item_name=Tickets&item_number=1&quantity=1&txn_type=web_accept&payment_date=2019-05-20T05%3A45%3A23Z&business=goodmanlantern%2Bbuyer%40gmail.com&receiver_id=FVA3CK55A453Y&notify_version=UNVERSIONED&custom=5cc9aa1ea28f9a3cd959d881&verify_sign=AiaURZZRrjMVB1JCmN4UaWod893XAdkpWslY2nlwjKh0mAVbLyhi6FFa",
    "isBase64Encoded": false
}