{
    "resource": "/events/{event_id}",
    "path": "/events/5deded6ca0eb475c4b304beb",
    "httpMethod": "PUT",
    "headers": {
        "Accept": "*/*",
        "Accept-Encoding": "gzip;q=1.0, compress;q=0.5",
        "Accept-Language": "en;q=1.0",
        "CloudFront-Forwarded-Proto": "https",
        "CloudFront-Is-Desktop-Viewer": "true",
        "CloudFront-Is-Mobile-Viewer": "false",
        "CloudFront-Is-SmartTV-Viewer": "false",
        "CloudFront-Is-Tablet-Viewer": "false",
        "CloudFront-Viewer-Country": "IN",
        "content-type": "application/json",
        "Host": "dp4s4dpr3h.execute-api.eu-west-1.amazonaws.com",
        "User-Agent": "Promo/1.0 (com.img.eApproval; build:1; iOS 12.2.0) Alamofire/4.8.2",
        "Via": "2.0 6d52e69f514882fa4686ee5f2841dcd0.cloudfront.net (CloudFront)",
        "X-Amz-Cf-Id": "uJEay9CTORjcxgW0F0GKOsMOB2ZwBP9qfGG1nOqzaeIoFm16cDLiDw==",
        "X-Amzn-Trace-Id": "Root=1-5dee0ce4-dca0fa68c77f6b101bcb77b0",
        "x-api-key": "0UJgayUdNUaQNGkpUXyLh8RC8lc1PxKi1paCTLf2",
        "X-Forwarded-For": "203.100.67.242, 64.252.164.159",
        "X-Forwarded-Port": "443",
        "X-Forwarded-Proto": "https"
    },
    "multiValueHeaders": {
        "Accept": [
            "*/*"
        ],
        "Accept-Encoding": [
            "gzip;q=1.0, compress;q=0.5"
        ],
        "Accept-Language": [
            "en;q=1.0"
        ],
        "CloudFront-Forwarded-Proto": [
            "https"
        ],
        "CloudFront-Is-Desktop-Viewer": [
            "true"
        ],
        "CloudFront-Is-Mobile-Viewer": [
            "false"
        ],
        "CloudFront-Is-SmartTV-Viewer": [
            "false"
        ],
        "CloudFront-Is-Tablet-Viewer": [
            "false"
        ],
        "CloudFront-Viewer-Country": [
            "IN"
        ],
        "content-type": [
            "application/json"
        ],
        "Host": [
            "dp4s4dpr3h.execute-api.eu-west-1.amazonaws.com"
        ],
        "User-Agent": [
            "Promo/1.0 (com.img.eApproval; build:1; iOS 12.2.0) Alamofire/4.8.2"
        ],
        "Via": [
            "2.0 6d52e69f514882fa4686ee5f2841dcd0.cloudfront.net (CloudFront)"
        ],
        "X-Amz-Cf-Id": [
            "uJEay9CTORjcxgW0F0GKOsMOB2ZwBP9qfGG1nOqzaeIoFm16cDLiDw=="
        ],
        "X-Amzn-Trace-Id": [
            "Root=1-5dee0ce4-dca0fa68c77f6b101bcb77b0"
        ],
        "x-api-key": [
            "0UJgayUdNUaQNGkpUXyLh8RC8lc1PxKi1paCTLf2"
        ],
        "X-Forwarded-For": [
            "203.100.67.242, 64.252.164.159"
        ],
        "X-Forwarded-Port": [
            "443"
        ],
        "X-Forwarded-Proto": [
            "https"
        ]
    },
    "queryStringParameters": null,
    "multiValueQueryStringParameters": null,
    "pathParameters": {
        "event_id": "5deded6ca0eb475c4b304beb"
    },
    "stageVariables": null,
    "requestContext": {
        "resourceId": "zbrya4",
        "resourcePath": "/events/{event_id}",
        "httpMethod": "PUT",
        "extendedRequestId": "EbbzuFz1joEFzGA=",
        "requestTime": "09/Dec/2019:08:59:16 +0000",
        "path": "/test/events/5deded6ca0eb475c4b304beb",
        "accountId": "576180419135",
        "protocol": "HTTP/1.1",
        "stage": "test",
        "domainPrefix": "dp4s4dpr3h",
        "requestTimeEpoch": 1575881956561,
        "requestId": "a20ee3de-4b10-4cf5-962a-5356894873c8",
        "identity": {
            "cognitoIdentityPoolId": null,
            "cognitoIdentityId": null,
            "apiKey": "0UJgayUdNUaQNGkpUXyLh8RC8lc1PxKi1paCTLf2",
            "principalOrgId": null,
            "cognitoAuthenticationType": null,
            "userArn": null,
            "apiKeyId": "gbszzqxm24",
            "userAgent": "Promo/1.0 (com.img.eApproval; build:1; iOS 12.2.0) Alamofire/4.8.2",
            "accountId": null,
            "caller": null,
            "sourceIp": "203.100.67.242",
            "accessKey": null,
            "cognitoAuthenticationProvider": null,
            "user": null
        },
        "domainName": "dp4s4dpr3h.execute-api.eu-west-1.amazonaws.com",
        "apiId": "dp4s4dpr3h"
    },
    "body": "{\"time_zone\":\"Asia\\/Calcutta\",\"session\":{\"application_id\":67927,\"user_id\":76057968,\"token\":\"e6983270486e2be980666839e761f99f7f010957\"},\"isPHQ\":\"false\",\"end_date_time_ms\":1576863000000,\"start_date_time_ms\":1576071000000,\"category\":\"concerts\",\"address\":{\"streetAddress\":\"Sahibzada Ajit Singh Nagar, India\"},\"user\":{\"full_name\":\"Gaurang Bansal\",\"blobid\":9529805,\"id\":76057968,\"custom_data\":{\"city\":\"Chandigarh Road\",\"paypalEmail\":\"\",\"city_lat\":\"0.0\",\"about_you\":\"Hi Testing New Game!!! Hi Testing New Game!!! Hi Testing Ne Hi Testing Ne Hi Testing New Game!!! Hi Testing New Game!!!\",\"city_long\":\"0.0\"},\"email\":\"gbansal@codeblock.co.in\",\"password\":\"abcd@1234\",\"login\":\"gbansal\"},\"event_name\":\"Apple Rain Event\",\"latitude\":30.712370199999999,\"longitude\":76.719703199999998,\"ticketType\":\"free\",\"guests\":[{\"full_name\":\"sunita gautam\",\"email\":\"sgautam+g@codeblock.co.in\",\"imgUrl\":\"https:\\/\\/api.quickblox.com\\/blobs\\/2e9668ea3a3b4c1e96085bee9640bbf500?token=3585e8def6b3ba2e5a99c75bbef735e4b7010957\",\"type\":\"Follower\",\"id\":94248668,\"name\":\"sunita gautam\",\"custom_data\":{\"city\":\"Noida\",\"about_you\":\"gdhdgadh hasgdhgdadhg hagsdjdgashdgajgdahsdg\",\"paypalEmail\":\"goodmanlantern+buyer@gmail.com\"},\"login\":\"gautam\"}],\"isdraft\":\"false\",\"sponsored_event\":\"false\",\"event_type\":\"public\",\"description\":\"Hi How are you doing? I s this all fibe or good to go all rwithad shasdthehhe. Hdi hdid hdi dhi dhi dhi dhid hidhid hdihihd hidhihd ihihdihdihihd ihdihidhihdihihd\",\"end_date_time\":\"2019-12-20T17:30:00.000Z\",\"start_date_time\":\"2019-12-11T13:30:00.000Z\"}",
    "isBase64Encoded": false
}