{
  "QB_APP_ID": 67927,
  "QB_AUTH_KEY": "3T76un4T3b5nRnt",
  "QB_AUTH_SECRET": "KChn5j4Y3268G5X",
  "QB_LOGIN": "promoappadmin",
  "QB_PASSWORD": "promo123$",
  "LIST_ID": "0561bdd8-c1ee-11e7-8825-026f7644009e",
  "API_KEY": "7a072944-c21a-11e7-8825-026f7644009e",
  "FROM": "Donotreply@thepromoapp.com",
  "GPL_BASE_URL":"https://api-wip.gopinleads.com/v1",
  "GPL_API_KEY":"ai7smpfTO41IPEVX0vH8M5aXMVSFXvKBaGgNkYoX",
  "UI_BASE_URL":"https://test.thepromoapp.com",
  "SHARED_SECRET": "secret",
  "DB_HOST": "promoapp-master.chqdn2qf8z1p.eu-west-1.rds.amazonaws.com",
  "DB_PORT": "3306",
  "DB_USER": "promoroot_dev",
  "DB_PASSWORD": "rKUrBZeYHuGnn7HMOuYX",
  "DB_NAME": "promoapp_dev"
}